date,rate
2010-01-01,0.203239
2010-01-12,0.198612
2010-01-13,0.198349
2010-01-14,0.200182
2010-01-15,0.198730
2010-01-16,0.199664
2010-01-19,0.199975
2010-01-20,0.199530
2010-01-21,0.200683
2010-01-22,0.201120
2010-01-23,0.201162
2010-01-26,0.203342
2010-01-27,0.204787
2010-01-28,0.204469
2010-01-29,0.204879
2010-01-30,0.205686
2010-02-02,0.205424
2010-02-03,0.203960
2010-02-04,0.202007
2010-02-05,0.202952
2010-02-06,0.206099
2010-02-09,0.206125
2010-02-10,0.205025
2010-02-11,0.204090
2010-02-12,0.203695
2010-02-13,0.203918
2010-02-16,0.204084
2010-02-17,0.203326
2010-02-18,0.202760
2010-02-19,0.203816
2010-02-20,0.204026
2010-02-25,0.203869
2010-02-26,0.203791
2010-02-27,0.203874
2010-02-28,0.203281
2010-03-02,0.203260
2010-03-03,0.203488
2010-03-04,0.202321
2010-03-05,0.202469
2010-03-06,0.202687
2010-03-10,0.202044
2010-03-11,0.201805
2010-03-12,0.200615
2010-03-13,0.199814
2010-03-16,0.199438
2010-03-17,0.200090
2010-03-18,0.198597
2010-03-19,0.198730
2010-03-20,0.199092
2010-03-23,0.199598
2010-03-24,0.200495
2010-03-25,0.201214
2010-03-26,0.201887
2010-03-27,0.200968
2010-03-30,0.201639
2010-03-31,0.199686
2010-04-01,0.200691
2010-04-02,0.200166
2010-04-03,0.198812
2010-04-06,0.198895
2010-04-07,0.199071
2010-04-08,0.199387
2010-04-09,0.200275
2010-04-10,0.199777
2010-04-13,0.197205
2010-04-14,0.197883
2010-04-15,0.198066
2010-04-16,0.197360
2010-04-17,0.198174
2010-04-20,0.199283
2010-04-21,0.198624
2010-04-22,0.198625
2010-04-23,0.198696
2010-04-24,0.199893
2010-04-27,0.198602
2010-04-28,0.198486
2010-04-29,0.200403
2010-04-30,0.199656
2010-05-01,0.199042
2010-05-05,0.199988
2010-05-06,0.202243
2010-05-07,0.206243
2010-05-08,0.208868
2010-05-12,0.206959
2010-05-13,0.205965
2010-05-14,0.203855
2010-05-15,0.205220
2010-05-18,0.209190
2010-05-19,0.207288
2010-05-20,0.209296
2010-05-21,0.209727
2010-05-22,0.211420
2010-05-25,0.210898
2010-05-26,0.214162
2010-05-27,0.213531
2010-05-28,0.210560
2010-05-29,0.208154
2010-06-01,0.209579
2010-06-02,0.211542
2010-06-03,0.212451
2010-06-04,0.210656
2010-06-05,0.211660
2010-06-08,0.216049
2010-06-09,0.214890
2010-06-10,0.215463
2010-06-11,0.214798
2010-06-12,0.213853
2010-06-16,0.213683
2010-06-17,0.211870
2010-06-18,0.212037
2010-06-19,0.210095
2010-06-22,0.209075
2010-06-23,0.210155
2010-06-24,0.210454
2010-06-25,0.210678
2010-06-26,0.210936
2010-06-29,0.210056
2010-06-30,0.211530
2010-07-01,0.211808
2010-07-02,0.212702
2010-07-03,0.211493
2010-07-06,0.211182
2010-07-07,0.211182
2010-07-08,0.210830
2010-07-09,0.209880
2010-07-10,0.208803
2010-07-13,0.209180
2010-07-14,0.208849
2010-07-15,0.206722
2010-07-16,0.207185
2010-07-17,0.206505
2010-07-20,0.207309
2010-07-21,0.206085
2010-07-22,0.206065
2010-07-23,0.206722
2010-07-24,0.206048
2010-07-27,0.205679
2010-07-28,0.205101
2010-07-29,0.204638
2010-07-30,0.204738
2010-07-31,0.204352
2010-08-03,0.204243
2010-08-04,0.202995
2010-08-05,0.202047
2010-08-06,0.202704
2010-08-07,0.202541
2010-08-10,0.202455
2010-08-11,0.203745
2010-08-12,0.204946
2010-08-13,0.206163
2010-08-14,0.206440
2010-08-17,0.207090
2010-08-18,0.206787
2010-08-19,0.206738
2010-08-20,0.207003
2010-08-21,0.207388
2010-08-24,0.207908
2010-08-25,0.208989
2010-08-26,0.209812
2010-08-27,0.209415
2010-08-28,0.208631
2010-08-31,0.208252
2010-09-01,0.209487
2010-09-02,0.209233
2010-09-03,0.208329
2010-09-04,0.208415
2010-09-07,0.207626
2010-09-08,0.208500
2010-09-09,0.209398
2010-09-10,0.209378
2010-09-11,0.209634
2010-09-14,0.208339
2010-09-15,0.208586
2010-09-16,0.208843
2010-09-17,0.210549
2010-09-18,0.210880
2010-09-21,0.210026
2010-09-22,0.210750
2010-09-23,0.210287
2010-09-24,0.210219
2010-09-25,0.209824
2010-09-28,0.207454
2010-09-29,0.207537
2010-09-30,0.206115
2010-10-01,0.206746
2010-10-02,0.206703
2010-10-05,0.206718
2010-10-06,0.206255
2010-10-07,0.202739
2010-10-08,0.200938
2010-10-09,0.202722
2010-10-12,0.202050
2010-10-13,0.203493
2010-10-14,0.204043
2010-10-15,0.202760
2010-10-16,0.204253
2010-10-19,0.206891
2010-10-20,0.206064
2010-10-21,0.208643
2010-10-22,0.208125
2010-10-23,0.206694
2010-10-26,0.204768
2010-10-27,0.206018
2010-10-28,0.207130
2010-10-29,0.207885
2010-10-30,0.208650
2010-11-02,0.208586
2010-11-03,0.208675
2010-11-04,0.208383
2010-11-09,0.208501
2010-11-10,0.209051
2010-11-11,0.207986
2010-11-12,0.206838
2010-11-13,0.208554
2010-11-14,0.208924
2010-11-16,0.208994
2010-11-17,0.210264
2010-11-18,0.212548
2010-11-19,0.211618
2010-11-20,0.209916
2010-11-23,0.210328
2010-11-24,0.212220
2010-11-25,0.212472
2010-11-26,0.212269
2010-11-27,0.212735
2010-11-30,0.212101
2010-12-01,0.212229
2010-12-02,0.213041
2010-12-03,0.212360
2010-12-04,0.211766
2010-12-07,0.212070
2010-12-08,0.211737
2010-12-09,0.211946
2010-12-10,0.210226
2010-12-11,0.209415
2010-12-14,0.209809
2010-12-15,0.208601
2010-12-16,0.208334
2010-12-17,0.208515
2010-12-18,0.207941
2010-12-21,0.208854
2010-12-22,0.208610
2010-12-23,0.208736
2010-12-24,0.207870
2010-12-25,0.207659
2010-12-28,0.206444
2010-12-29,0.205324
2010-12-30,0.205965
2010-12-31,0.206791
2011-01-01,0.205829
2011-01-12,0.207981
2011-01-13,0.206352
2011-01-14,0.204593
2011-01-15,0.203734
2011-01-18,0.204473
2011-01-19,0.203307
2011-01-20,0.202982
2011-01-21,0.203640
2011-01-22,0.204260
2011-01-25,0.203280
2011-01-26,0.202976
2011-01-27,0.202825
2011-01-28,0.202165
2011-01-29,0.202115
2011-02-01,0.202720
2011-02-02,0.201898
2011-02-03,0.200388
2011-02-04,0.199999
2011-02-05,0.200283
2011-02-08,0.200170
2011-02-09,0.199509
2011-02-10,0.200102
2011-02-11,0.200523
2011-02-12,0.200253
2011-02-15,0.199824
2011-02-16,0.200116
2011-02-17,0.200044
2011-02-18,0.199984
2011-02-19,0.200168
2011-02-22,0.199472
2011-02-23,0.200321
2011-02-25,0.199720
2011-02-26,0.198229
2011-03-01,0.197992
2011-03-02,0.197154
2011-03-03,0.196322
2011-03-04,0.194311
2011-03-05,0.193532
2011-03-06,0.193487
2011-03-10,0.194364
2011-03-11,0.195313
2011-03-12,0.196383
2011-03-15,0.196342
2011-03-16,0.196796
2011-03-17,0.196680
2011-03-18,0.197141
2011-03-19,0.195230
2011-03-22,0.194404
2011-03-23,0.192956
2011-03-24,0.193736
2011-03-25,0.194604
2011-03-26,0.194011
2011-03-29,0.195151
2011-03-30,0.194554
2011-03-31,0.195073
2011-04-01,0.195672
2011-04-02,0.194718
2011-04-05,0.193652
2011-04-06,0.194366
2011-04-07,0.194067
2011-04-08,0.194118
2011-04-09,0.193378
2011-04-12,0.192346
2011-04-13,0.193574
2011-04-14,0.193386
2011-04-15,0.193996
2011-04-16,0.194234
2011-04-19,0.193751
2011-04-20,0.195349
2011-04-21,0.193388
2011-04-22,0.192290
2011-04-23,0.192282
2011-04-26,0.192507
2011-04-27,0.191728
2011-04-28,0.190542
2011-04-29,0.188890
2011-04-30,0.188863
2011-05-04,0.187488
2011-05-05,0.187667
2011-05-06,0.187217
2011-05-07,0.189814
2011-05-11,0.191069
2011-05-12,0.189615
2011-05-13,0.191767
2011-05-14,0.191079
2011-05-17,0.192940
2011-05-18,0.192911
2011-05-19,0.192694
2011-05-20,0.192283
2011-05-21,0.192103
2011-05-24,0.195144
2011-05-25,0.195645
2011-05-26,0.196065
2011-05-27,0.194421
2011-05-28,0.193434
2011-05-31,0.193189
2011-06-01,0.192405
2011-06-02,0.192380
2011-06-03,0.192715
2011-06-04,0.191476
2011-06-07,0.190895
2011-06-08,0.190977
2011-06-09,0.190279
2011-06-10,0.190394
2011-06-11,0.190969
2011-06-15,0.191367
2011-06-16,0.191460
2011-06-17,0.193427
2011-06-18,0.193045
2011-06-21,0.192956
2011-06-22,0.191908
2011-06-23,0.191154
2011-06-24,0.192150
2011-06-25,0.192749
2011-06-28,0.193758
2011-06-29,0.192910
2011-06-30,0.192044
2011-07-01,0.191105
2011-07-02,0.191040
2011-07-05,0.190658
2011-07-06,0.191309
2011-07-07,0.191557
2011-07-08,0.192286
2011-07-09,0.191664
2011-07-12,0.192857
2011-07-13,0.194180
2011-07-14,0.193320
2011-07-15,0.191949
2011-07-16,0.192642
2011-07-19,0.193149
2011-07-20,0.192364
2011-07-21,0.191510
2011-07-22,0.190830
2011-07-23,0.189816
2011-07-26,0.190165
2011-07-27,0.189300
2011-07-28,0.188501
2011-07-29,0.188842
2011-07-30,0.189139
2011-08-02,0.188142
2011-08-03,0.190327
2011-08-04,0.190571
2011-08-05,0.190121
2011-08-06,0.193309
2011-08-09,0.194351
2011-08-10,0.200215
2011-08-11,0.199500
2011-08-12,0.199946
2011-08-13,0.200171
2011-08-16,0.196183
2011-08-17,0.195626
2011-08-18,0.196139
2011-08-19,0.197618
2011-08-20,0.199529
2011-08-23,0.199894
2011-08-24,0.197785
2011-08-25,0.197416
2011-08-26,0.197217
2011-08-27,0.197191
2011-08-30,0.195951
2011-08-31,0.197144
2011-09-01,0.197338
2011-09-02,0.196960
2011-09-03,0.198067
2011-09-06,0.199820
2011-09-07,0.201468
2011-09-08,0.200725
2011-09-09,0.200718
2011-09-10,0.201804
2011-09-13,0.205691
2011-09-14,0.204860
2011-09-15,0.206146
2011-09-16,0.207399
2011-09-17,0.207558
2011-09-20,0.209701
2011-09-21,0.213779
2011-09-22,0.213130
2011-09-23,0.216255
2011-09-24,0.217389
2011-09-27,0.219634
2011-09-28,0.218234
2011-09-29,0.215343
2011-09-30,0.215511
2011-10-01,0.216864
2011-10-04,0.219921
2011-10-05,0.220616
2011-10-06,0.220151
2011-10-07,0.219134
2011-10-08,0.217028
2011-10-11,0.216048
2011-10-12,0.212180
2011-10-13,0.212436
2011-10-14,0.211320
2011-10-15,0.209764
2011-10-18,0.207767
2011-10-19,0.209366
2011-10-20,0.209184
2011-10-21,0.212126
2011-10-22,0.211716
2011-10-25,0.208302
2011-10-26,0.206117
2011-10-27,0.206659
2011-10-28,0.204546
2011-10-29,0.202628
2011-11-01,0.203840
2011-11-02,0.207052
2011-11-03,0.207255
2011-11-04,0.208644
2011-11-08,0.206459
2011-11-09,0.206091
2011-11-10,0.203614
2011-11-11,0.208288
2011-11-12,0.206077
2011-11-15,0.204435
2011-11-16,0.206827
2011-11-17,0.208291
2011-11-18,0.207646
2011-11-19,0.208884
2011-11-22,0.209394
2011-11-23,0.210492
2011-11-24,0.211867
2011-11-25,0.213512
2011-11-26,0.214515
2011-11-29,0.212932
2011-11-30,0.212084
2011-12-01,0.212572
2011-12-02,0.208924
2011-12-03,0.208760
2011-12-06,0.209296
2011-12-07,0.210658
2011-12-08,0.210940
2011-12-09,0.211433
2011-12-10,0.213586
2011-12-13,0.212432
2011-12-14,0.214083
2011-12-15,0.214632
2011-12-16,0.215293
2011-12-17,0.214337
2011-12-20,0.216106
2011-12-21,0.216151
2011-12-22,0.214872
2011-12-23,0.213043
2011-12-24,0.210914
2011-12-27,0.210777
2011-12-28,0.209572
2011-12-29,0.212762
2011-12-30,0.216232
2011-12-31,0.216874
2012-01-11,0.214517
2012-01-12,0.213513
2012-01-13,0.213374
2012-01-14,0.213111
2012-01-17,0.215141
2012-01-18,0.212643
2012-01-19,0.212689
2012-01-20,0.212286
2012-01-21,0.210863
2012-01-24,0.211114
2012-01-25,0.207921
2012-01-26,0.206394
2012-01-27,0.204603
2012-01-28,0.204620
2012-01-31,0.204277
2012-02-01,0.204039
2012-02-02,0.204559
2012-02-03,0.203023
2012-02-04,0.203352
2012-02-07,0.203380
2012-02-08,0.202368
2012-02-09,0.199838
2012-02-10,0.199970
2012-02-11,0.201498
2012-02-14,0.201451
2012-02-15,0.202796
2012-02-16,0.202031
2012-02-17,0.203962
2012-02-18,0.202533
2012-02-21,0.201131
2012-02-22,0.201234
2012-02-23,0.201266
2012-02-25,0.199566
2012-02-28,0.197300
2012-02-29,0.196054
2012-03-01,0.196475
2012-03-02,0.198045
2012-03-03,0.198060
2012-03-06,0.198054
2012-03-07,0.199039
2012-03-08,0.200467
2012-03-12,0.199578
2012-03-13,0.200565
2012-03-14,0.199446
2012-03-15,0.199739
2012-03-16,0.200537
2012-03-17,0.198773
2012-03-20,0.197810
2012-03-21,0.197429
2012-03-22,0.197651
2012-03-23,0.197900
2012-03-24,0.198977
2012-03-27,0.197889
2012-03-28,0.196083
2012-03-29,0.196936
2012-03-30,0.198242
2012-03-31,0.198371
2012-04-03,0.198210
2012-04-04,0.197715
2012-04-05,0.198653
2012-04-06,0.198531
2012-04-07,0.199442
2012-04-10,0.200601
2012-04-11,0.200765
2012-04-12,0.201687
2012-04-13,0.200169
2012-04-14,0.199621
2012-04-17,0.201731
2012-04-18,0.200791
2012-04-19,0.199694
2012-04-20,0.199724
2012-04-21,0.199563
2012-04-24,0.199506
2012-04-25,0.199491
2012-04-26,0.198229
2012-04-27,0.197891
2012-04-28,0.199008
2012-04-29,0.198712
2012-05-03,0.198344
2012-05-04,0.199189
2012-05-05,0.200045
2012-05-06,0.201579
2012-05-11,0.204194
2012-05-12,0.204378
2012-05-13,0.203983
2012-05-15,0.204508
2012-05-16,0.204953
2012-05-17,0.209176
2012-05-18,0.209002
2012-05-19,0.212159
2012-05-22,0.210436
2012-05-23,0.209873
2012-05-24,0.212345
2012-05-25,0.214078
2012-05-26,0.214772
2012-05-29,0.214924
2012-05-30,0.216819
2012-05-31,0.219300
2012-06-01,0.222347
2012-06-02,0.227870
2012-06-05,0.228822
2012-06-06,0.223059
2012-06-07,0.220230
2012-06-08,0.216615
2012-06-09,0.220147
2012-06-10,0.219096
2012-06-14,0.219803
2012-06-15,0.218628
2012-06-16,0.217362
2012-06-19,0.215843
2012-06-20,0.218442
2012-06-21,0.218592
2012-06-22,0.220745
2012-06-23,0.224629
2012-06-26,0.222240
2012-06-27,0.222154
2012-06-28,0.220023
2012-06-29,0.220734
2012-06-30,0.219621
2012-07-03,0.217897
2012-07-04,0.217221
2012-07-05,0.215435
2012-07-06,0.217100
2012-07-07,0.218009
2012-07-10,0.220210
2012-07-11,0.220005
2012-07-12,0.218986
2012-07-13,0.218256
2012-07-14,0.218003
2012-07-17,0.217574
2012-07-18,0.216817
2012-07-19,0.216489
2012-07-20,0.214443
2012-07-21,0.213668
2012-07-24,0.216200
2012-07-25,0.217636
2012-07-26,0.219698
2012-07-27,0.217461
2012-07-28,0.214883
2012-07-31,0.214552
2012-08-01,0.214670
2012-08-02,0.215412
2012-08-03,0.216130
2012-08-04,0.216554
2012-08-07,0.212783
2012-08-08,0.211019
2012-08-09,0.211081
2012-08-10,0.209948
2012-08-11,0.213083
2012-08-14,0.212961
2012-08-15,0.212684
2012-08-16,0.213479
2012-08-17,0.213764
2012-08-18,0.213358
2012-08-21,0.214308
2012-08-22,0.213998
2012-08-23,0.213324
2012-08-24,0.212702
2012-08-25,0.213669
2012-08-28,0.214045
2012-08-29,0.214989
2012-08-30,0.214821
2012-08-31,0.215937
2012-09-01,0.217620
2012-09-04,0.216692
2012-09-05,0.215345
2012-09-06,0.217333
2012-09-07,0.215477
2012-09-08,0.214149
2012-09-11,0.212117
2012-09-12,0.212242
2012-09-13,0.210021
2012-09-14,0.209398
2012-09-15,0.205605
2012-09-18,0.204231
2012-09-19,0.206001
2012-09-20,0.205948
2012-09-21,0.210667
2012-09-22,0.207619
2012-09-25,0.208134
2012-09-26,0.207628
2012-09-27,0.208009
2012-09-28,0.207933
2012-09-29,0.205982
2012-10-02,0.208289
2012-10-03,0.207366
2012-10-04,0.207665
2012-10-05,0.207094
2012-10-06,0.206091
2012-10-09,0.206702
2012-10-10,0.206778
2012-10-11,0.207313
2012-10-12,0.207067
2012-10-13,0.205738
2012-10-16,0.206307
2012-10-17,0.205411
2012-10-18,0.204763
2012-10-19,0.204463
2012-10-20,0.205236
2012-10-23,0.205378
2012-10-24,0.206559
2012-10-25,0.207861
2012-10-26,0.207503
2012-10-27,0.209052
2012-10-30,0.208615
2012-10-31,0.209122
2012-11-01,0.208052
2012-11-02,0.207939
2012-11-03,0.208067
2012-11-07,0.208953
2012-11-08,0.207650
2012-11-09,0.208907
2012-11-10,0.208854
2012-11-13,0.209522
2012-11-14,0.210314
2012-11-15,0.210795
2012-11-16,0.210921
2012-11-17,0.211013
2012-11-20,0.210354
2012-11-21,0.209097
2012-11-22,0.209137
2012-11-23,0.207552
2012-11-24,0.207529
2012-11-27,0.206801
2012-11-28,0.206040
2012-11-29,0.207053
2012-11-30,0.206630
2012-12-01,0.204697
2012-12-04,0.204764
2012-12-05,0.205762
2012-12-06,0.204909
2012-12-07,0.205687
2012-12-08,0.206103
2012-12-11,0.205585
2012-12-12,0.204534
2012-12-13,0.204200
2012-12-14,0.203277
2012-12-15,0.203820
2012-12-18,0.204103
2012-12-19,0.205538
2012-12-20,0.204166
2012-12-21,0.204448
2012-12-22,0.204428
2012-12-25,0.204750
2012-12-26,0.203361
2012-12-27,0.203354
2012-12-28,0.202800
2012-12-29,0.202107
2012-12-30,0.202107
2013-01-10,0.201761
2013-01-11,0.201159
2013-01-12,0.200362
2013-01-15,0.200395
2013-01-16,0.200514
2013-01-17,0.201233
2013-01-18,0.201228
2013-01-19,0.200388
2013-01-22,0.201015
2013-01-23,0.200345
2013-01-24,0.200333
2013-01-25,0.200005
2013-01-26,0.199370
2013-01-29,0.199663
2013-01-30,0.199850
2013-01-31,0.198991
2013-02-01,0.198980
2013-02-02,0.198791
2013-02-05,0.198508
2013-02-06,0.200080
2013-02-07,0.199062
2013-02-08,0.199665
2013-02-09,0.200429
2013-02-12,0.200259
2013-02-13,0.200480
2013-02-14,0.199829
2013-02-15,0.199849
2013-02-16,0.200159
2013-02-19,0.200178
2013-02-20,0.200118
2013-02-21,0.199769
2013-02-22,0.201182
2013-02-23,0.202074
2013-02-26,0.201889
2013-02-27,0.203587
2013-02-28,0.203565
2013-03-01,0.202936
2013-03-02,0.203447
2013-03-05,0.204198
2013-03-06,0.203597
2013-03-07,0.203181
2013-03-08,0.204018
2013-03-12,0.204003
2013-03-13,0.203844
2013-03-14,0.203625
2013-03-15,0.204057
2013-03-16,0.203805
2013-03-19,0.205037
2013-03-20,0.204358
2013-03-21,0.205081
2013-03-22,0.204639
2013-03-23,0.204905
2013-03-26,0.203753
2013-03-27,0.204690
2013-03-28,0.204513
2013-03-29,0.205518
2013-03-30,0.206000
2013-04-02,0.206186
2013-04-03,0.206276
2013-04-04,0.208099
2013-04-05,0.210207
2013-04-06,0.209533
2013-04-09,0.209457
2013-04-10,0.206721
2013-04-11,0.205403
2013-04-12,0.204607
2013-04-13,0.204975
2013-04-16,0.207332
2013-04-17,0.208190
2013-04-18,0.206848
2013-04-19,0.210006
2013-04-20,0.208196
2013-04-23,0.208835
2013-04-24,0.209414
2013-04-25,0.209182
2013-04-26,0.207321
2013-04-27,0.206527
2013-04-30,0.206644
2013-05-01,0.205313
2013-05-07,0.205854
2013-05-08,0.205821
2013-05-09,0.205840
2013-05-14,0.207669
2013-05-15,0.206932
2013-05-16,0.207885
2013-05-17,0.207857
2013-05-18,0.207894
2013-05-21,0.207554
2013-05-22,0.206607
2013-05-23,0.207020
2013-05-24,0.208694
2013-05-25,0.207737
2013-05-28,0.207521
2013-05-29,0.208011
2013-05-30,0.208813
2013-05-31,0.208786
2013-06-01,0.209922
2013-06-04,0.211682
2013-06-05,0.210343
2013-06-06,0.211309
2013-06-07,0.212346
2013-06-08,0.212951
2013-06-11,0.213434
2013-06-12,0.213829
2013-06-14,0.213481
2013-06-15,0.210198
2013-06-18,0.209247
2013-06-19,0.210660
2013-06-20,0.212294
2013-06-21,0.215862
2013-06-22,0.215971
2013-06-25,0.217297
2013-06-26,0.215905
2013-06-27,0.216737
2013-06-28,0.216621
2013-06-29,0.215673
2013-07-02,0.216379
2013-07-03,0.216910
2013-07-04,0.218570
2013-07-05,0.218132
2013-07-06,0.218390
2013-07-09,0.219008
2013-07-10,0.217288
2013-07-11,0.216052
2013-07-12,0.214055
2013-07-13,0.214052
2013-07-16,0.213691
2013-07-17,0.213109
2013-07-18,0.212358
2013-07-19,0.211971
2013-07-20,0.212022
2013-07-23,0.211196
2013-07-24,0.210884
2013-07-25,0.211165
2013-07-26,0.212359
2013-07-27,0.212952
2013-07-30,0.214448
2013-07-31,0.214561
2013-08-01,0.215164
2013-08-02,0.214591
2013-08-03,0.215270
2013-08-06,0.213722
2013-08-07,0.214377
2013-08-08,0.215193
2013-08-09,0.215231
2013-08-10,0.215127
2013-08-13,0.214539
2013-08-14,0.215894
2013-08-15,0.216905
2013-08-16,0.216042
2013-08-17,0.215787
2013-08-20,0.215822
2013-08-21,0.216404
2013-08-22,0.216271
2013-08-23,0.217723
2013-08-24,0.217126
2013-08-27,0.216462
2013-08-28,0.217410
2013-08-29,0.217787
2013-08-30,0.216930
2013-08-31,0.216899
2013-09-03,0.217051
2013-09-04,0.217680
2013-09-05,0.218458
2013-09-06,0.218307
2013-09-07,0.218550
2013-09-10,0.217529
2013-09-11,0.215347
2013-09-12,0.214560
2013-09-13,0.213090
2013-09-14,0.213558
2013-09-17,0.210473
2013-09-18,0.210729
2013-09-19,0.210134
2013-09-20,0.206533
2013-09-21,0.207362
2013-09-24,0.208566
2013-09-25,0.207952
2013-09-26,0.207811
2013-09-27,0.209539
2013-09-28,0.210388
2013-10-01,0.211209
2013-10-02,0.209895
2013-10-03,0.209631
2013-10-04,0.208475
2013-10-05,0.208201
2013-10-08,0.209288
2013-10-09,0.209187
2013-10-10,0.209747
2013-10-11,0.209712
2013-10-12,0.209089
2013-10-15,0.210204
2013-10-16,0.209830
2013-10-17,0.210220
2013-10-18,0.208525
2013-10-19,0.206792
2013-10-22,0.207158
2013-10-23,0.207651
2013-10-24,0.206410
2013-10-25,0.205870
2013-10-26,0.205905
2013-10-29,0.206069
2013-10-30,0.206894
2013-10-31,0.207718
2013-11-01,0.208014
2013-11-02,0.208560
2013-11-06,0.210003
2013-11-07,0.211009
2013-11-08,0.210741
2013-11-09,0.211900
2013-11-12,0.213346
2013-11-13,0.214065
2013-11-14,0.214324
2013-11-15,0.213448
2013-11-16,0.213195
2013-11-19,0.212404
2013-11-20,0.213066
2013-11-21,0.214089
2013-11-22,0.216051
2013-11-23,0.215308
2013-11-26,0.214703
2013-11-27,0.215600
2013-11-28,0.215073
2013-11-29,0.215318
2013-11-30,0.215663
2013-12-03,0.214843
2013-12-04,0.215317
2013-12-05,0.215289
2013-12-06,0.214698
2013-12-07,0.213609
2013-12-10,0.212694
2013-12-11,0.212289
2013-12-12,0.211806
2013-12-13,0.212329
2013-12-14,0.213369
2013-12-17,0.213352
2013-12-18,0.213351
2013-12-19,0.213836
2013-12-20,0.214257
2013-12-21,0.214628
2013-12-24,0.214403
2013-12-25,0.212052
2013-12-26,0.211894
2013-12-27,0.212356
2013-12-28,0.212216
2013-12-31,0.213088
2014-01-01,0.211760
2014-01-10,0.214573
2014-01-11,0.214836
2014-01-14,0.214101
2014-01-15,0.214789
2014-01-16,0.215132
2014-01-17,0.215215
2014-01-18,0.215448
2014-01-21,0.216646
2014-01-22,0.217775
2014-01-23,0.218276
2014-01-24,0.219542
2014-01-25,0.220648
2014-01-28,0.223462
2014-01-29,0.222963
2014-01-30,0.222265
2014-01-31,0.226691
2014-02-01,0.226231
2014-02-04,0.226524
2014-02-05,0.227763
2014-02-06,0.224601
2014-02-07,0.223329
2014-02-08,0.222515
2014-02-11,0.223266
2014-02-12,0.223678
2014-02-13,0.188347
2014-02-14,0.188908
2014-02-15,0.191079
2014-02-18,0.190148
2014-02-19,0.190964
2014-02-20,0.192793
2014-02-21,0.192845
2014-02-22,0.193413
2014-02-25,0.192295
2014-02-26,0.192869
2014-02-27,0.193685
2014-02-28,0.195924
2014-03-01,0.196347
2014-03-04,0.198605
2014-03-05,0.199335
2014-03-06,0.198084
2014-03-07,0.198402
2014-03-08,0.199137
2014-03-12,0.199893
2014-03-13,0.200233
2014-03-14,0.200184
2014-03-15,0.201270
2014-03-18,0.201271
2014-03-19,0.200185
2014-03-20,0.198929
2014-03-21,0.198255
2014-03-22,0.199688
2014-03-25,0.198389
2014-03-26,0.197101
2014-03-27,0.194697
2014-03-28,0.195393
2014-03-29,0.196029
2014-04-01,0.195537
2014-04-02,0.192344
2014-04-03,0.193680
2014-04-04,0.195118
2014-04-05,0.194964
2014-04-08,0.194846
2014-04-09,0.195284
2014-04-10,0.196365
2014-04-11,0.195337
2014-04-12,0.195682
2014-04-15,0.197677
2014-04-16,0.197520
2014-04-17,0.198184
2014-04-18,0.197351
2014-04-19,0.195215
2014-04-22,0.195902
2014-04-23,0.195998
2014-04-24,0.195932
2014-04-25,0.196034
2014-04-26,0.197406
2014-04-29,0.197866
2014-04-30,0.196107
2014-05-01,0.196219
2014-05-06,0.196848
2014-05-07,0.195907
2014-05-08,0.194980
2014-05-09,0.192443
2014-05-13,0.193425
2014-05-14,0.191637
2014-05-15,0.190635
2014-05-16,0.190584
2014-05-17,0.191043
2014-05-20,0.190708
2014-05-21,0.189785
2014-05-22,0.189203
2014-05-23,0.187770
2014-05-24,0.187636
2014-05-27,0.186061
2014-05-28,0.185746
2014-05-29,0.187463
2014-05-30,0.188828
2014-05-31,0.189303
2014-06-03,0.190098
2014-06-04,0.190798
2014-06-05,0.191498
2014-06-06,0.190214
2014-06-07,0.188863
2014-06-10,0.187086
2014-06-11,0.187282
2014-06-12,0.187045
2014-06-17,0.188357
2014-06-18,0.189667
2014-06-19,0.189762
2014-06-20,0.186924
2014-06-21,0.187559
2014-06-24,0.186821
2014-06-25,0.185189
2014-06-26,0.184759
2014-06-27,0.183908
2014-06-28,0.183243
2014-07-01,0.184418
2014-07-02,0.186506
2014-07-03,0.186616
2014-07-04,0.186318
2014-07-05,0.187029
2014-07-08,0.188357
2014-07-09,0.187561
2014-07-10,0.185689
2014-07-11,0.184379
2014-07-12,0.185573
2014-07-15,0.186984
2014-07-16,0.187264
2014-07-17,0.187386
2014-07-18,0.189603
2014-07-19,0.191570
2014-07-22,0.191184
2014-07-23,0.190910
2014-07-24,0.189670
2014-07-25,0.191138
2014-07-26,0.191006
2014-07-29,0.192588
2014-07-30,0.194169
2014-07-31,0.194656
2014-08-01,0.193640
2014-08-02,0.196239
2014-08-05,0.195872
2014-08-06,0.196675
2014-08-07,0.198408
2014-08-08,0.199163
2014-08-09,0.200264
2014-08-12,0.198052
2014-08-13,0.198280
2014-08-14,0.199023
2014-08-15,0.198008
2014-08-16,0.197799
2014-08-19,0.197958
2014-08-20,0.198360
2014-08-21,0.198989
2014-08-22,0.199581
2014-08-23,0.197774
2014-08-26,0.198462
2014-08-27,0.198548
2014-08-28,0.198548
2014-08-29,0.199469
2014-08-30,0.202910
2014-09-02,0.204926
2014-09-03,0.205198
2014-09-04,0.205091
2014-09-05,0.202208
2014-09-06,0.202862
2014-09-09,0.203767
2014-09-10,0.203435
2014-09-11,0.204311
2014-09-12,0.205356
2014-09-13,0.206955
2014-09-16,0.208778
2014-09-17,0.212734
2014-09-18,0.210878
2014-09-19,0.211168
2014-09-20,0.211126
2014-09-23,0.212032
2014-09-24,0.212603
2014-09-25,0.211041
2014-09-26,0.210565
2014-09-27,0.212859
2014-09-30,0.216535
2014-10-01,0.216471
2014-10-02,0.218040
2014-10-03,0.217407
2014-10-04,0.218199
2014-10-07,0.219869
2014-10-08,0.218607
2014-10-09,0.219868
2014-10-10,0.219858
2014-10-11,0.221185
2014-10-14,0.221804
2014-10-15,0.222903
2014-10-16,0.225518
2014-10-17,0.224482
2014-10-18,0.226087
2014-10-21,0.225187
2014-10-22,0.226527
2014-10-23,0.226381
2014-10-24,0.229322
2014-10-25,0.230976
2014-10-28,0.231747
2014-10-29,0.234328
2014-10-30,0.235760
2014-10-31,0.239860
2014-11-01,0.232011
2014-11-06,0.245415
2014-11-07,0.249760
2014-11-08,0.264662
2014-11-11,0.253669
2014-11-12,0.253998
2014-11-13,0.256088
2014-11-14,0.254994
2014-11-15,0.262001
2014-11-18,0.261558
2014-11-19,0.259607
2014-11-20,0.259946
2014-11-21,0.258087
2014-11-22,0.252767
2014-11-25,0.247480
2014-11-26,0.248231
2014-11-27,0.256602
2014-11-28,0.263404
2014-11-29,0.272542
2014-12-02,0.285327
2014-12-03,0.280292
2014-12-04,0.299601
2014-12-05,0.289086
2014-12-06,0.292586
2014-12-09,0.293465
2014-12-10,0.298251
2014-12-11,0.298604
2014-12-12,0.301476
2014-12-13,0.312997
2014-12-16,0.320936
2014-12-17,0.333113
2014-12-18,0.369250
2014-12-19,0.327282
2014-12-20,0.333219
2014-12-23,0.310321
2014-12-24,0.299639
2014-12-25,0.298926
2014-12-26,0.288298
2014-12-27,0.285112
2014-12-30,0.310567
2014-12-31,0.308257
2015-01-01,0.308143
2015-01-13,0.341506
2015-01-14,0.353077
2015-01-15,0.359709
2015-01-16,0.352443
2015-01-17,0.354292
2015-01-20,0.353202
2015-01-21,0.353522
2015-01-22,0.355731
2015-01-23,0.355222
2015-01-24,0.344050
2015-01-27,0.355319
2015-01-28,0.367354
2015-01-29,0.363753
2015-01-30,0.372310
2015-01-31,0.373711
2015-02-03,0.377368
2015-02-04,0.367063
2015-02-05,0.353949
2015-02-06,0.371002
2015-02-07,0.357174
2015-02-10,0.355087
2015-02-11,0.353671
2015-02-12,0.356678
2015-02-13,0.356841
2015-02-14,0.351399
2015-02-17,0.338345
2015-02-18,0.339274
2015-02-19,0.337097
2015-02-20,0.335642
2015-02-21,0.333334
2015-02-25,0.342973
2015-02-26,0.338108
2015-02-27,0.327503
2015-02-28,0.330663
2015-03-03,0.335978
2015-03-04,0.336798
2015-03-05,0.334728
2015-03-06,0.333643
2015-03-07,0.323216
2015-03-11,0.327538
2015-03-12,0.338151
2015-03-13,0.328889
2015-03-14,0.330816
2015-03-17,0.335030
2015-03-18,0.332863
2015-03-19,0.330942
2015-03-20,0.322269
2015-03-21,0.322894
2015-03-24,0.319572
2015-03-25,0.315948
2015-03-26,0.308512
2015-03-27,0.304403
2015-03-28,0.310942
2015-03-31,0.314654
2015-04-01,0.310447
2015-04-02,0.314236
2015-04-03,0.306754
2015-04-04,0.305479
2015-04-07,0.304202
2015-04-08,0.298009
2015-04-09,0.290804
2015-04-10,0.283003
2015-04-11,0.275002
2015-04-14,0.282134
2015-04-15,0.279623
2015-04-16,0.271589
2015-04-17,0.267328
2015-04-18,0.271913
2015-04-21,0.277291
2015-04-22,0.290223
2015-04-23,0.288672
2015-04-24,0.277619
2015-04-25,0.270438
2015-04-28,0.276983
2015-04-29,0.281477
2015-04-30,0.278257
2015-05-01,0.275236
2015-05-06,0.278580
2015-05-07,0.268979
2015-05-08,0.271052
2015-05-09,0.273134
2015-05-13,0.274070
2015-05-14,0.266469
2015-05-15,0.269298
2015-05-16,0.268915
2015-05-19,0.264895
2015-05-20,0.264681
2015-05-21,0.267987
2015-05-22,0.268656
2015-05-23,0.267977
2015-05-26,0.268338
2015-05-27,0.270819
2015-05-28,0.274562
2015-05-29,0.281186
2015-05-30,0.284855
2015-06-02,0.284047
2015-06-03,0.287396
2015-06-04,0.285332
2015-06-05,0.295721
2015-06-06,0.302473
2015-06-09,0.301382
2015-06-10,0.300672
2015-06-11,0.294615
2015-06-12,0.293117
2015-06-16,0.297059
2015-06-17,0.290511
2015-06-18,0.289691
2015-06-19,0.286629
2015-06-20,0.289126
2015-06-23,0.287894
2015-06-24,0.291316
2015-06-25,0.290396
2015-06-26,0.293247
2015-06-27,0.294375
2015-06-30,0.298179
2015-07-01,0.299883
2015-07-02,0.297888
2015-07-03,0.298886
2015-07-04,0.298614
2015-07-07,0.302960
2015-07-08,0.307267
2015-07-09,0.307076
2015-07-10,0.305770
2015-07-11,0.303771
2015-07-14,0.303430
2015-07-15,0.305002
2015-07-16,0.302920
2015-07-17,0.304450
2015-07-18,0.303872
2015-07-21,0.303874
2015-07-22,0.304728
2015-07-23,0.304839
2015-07-24,0.306628
2015-07-25,0.310261
2015-07-28,0.313904
2015-07-29,0.321619
2015-07-30,0.318891
2015-07-31,0.314734
2015-08-01,0.321947
2015-08-04,0.333223
2015-08-05,0.335269
2015-08-06,0.334204
2015-08-07,0.340338
2015-08-08,0.340198
2015-08-11,0.343292
2015-08-12,0.336491
2015-08-13,0.346074
2015-08-14,0.340311
2015-08-15,0.345332
2015-08-18,0.347729
2015-08-19,0.349484
2015-08-20,0.333666
2015-08-21,0.265139
2015-08-22,0.284018
2015-08-25,0.309613
2015-08-26,0.295106
2015-08-27,0.283320
2015-08-28,0.280306
2015-08-29,0.279754
2015-09-01,0.278560
2015-09-02,0.273773
2015-09-03,0.277065
2015-09-04,0.279384
2015-09-05,0.281423
2015-09-08,0.281779
2015-09-09,0.281225
2015-09-10,0.272120
2015-09-11,0.269617
2015-09-12,0.265009
2015-09-15,0.246221
2015-09-16,0.239848
2015-09-17,0.224625
2015-09-18,0.241993
2015-09-19,0.237842
2015-09-22,0.244467
2015-09-23,0.249952
2015-09-24,0.246422
2015-09-25,0.247268
2015-09-26,0.242738
2015-09-29,0.242390
2015-09-30,0.244209
2015-10-01,0.242588
2015-10-02,0.239799
2015-10-03,0.243227
2015-10-06,0.241472
2015-10-07,0.238727
2015-10-08,0.228938
2015-10-09,0.227409
2015-10-10,0.223100
2015-10-13,0.222287
2015-10-14,0.225898
2015-10-15,0.228407
2015-10-16,0.224949
2015-10-17,0.222000
2015-10-20,0.221380
2015-10-21,0.224274
2015-10-22,0.225616
2015-10-23,0.225526
2015-10-24,0.222805
2015-10-27,0.223843
2015-10-28,0.227600
2015-10-29,0.233789
2015-10-30,0.229781
2015-10-31,0.229859
2015-11-03,0.226802
2015-11-04,0.225827
2015-11-06,0.211471
2015-11-07,0.207134
2015-11-10,0.210005
2015-11-11,0.210029
2015-11-12,0.210598
2015-11-13,0.213539
2015-11-14,0.216093
2015-11-17,0.216027
2015-11-18,0.212874
2015-11-19,0.210586
2015-11-20,0.211220
2015-11-21,0.211054
2015-11-24,0.213554
2015-11-25,0.213687
2015-11-26,0.213234
2015-11-27,0.213800
2015-11-28,0.215644
2015-12-01,0.216996
2015-12-02,0.215362
2015-12-03,0.216847
2015-12-04,0.220298
2015-12-05,0.220387
2015-12-08,0.223178
2015-12-09,0.224990
2015-12-10,0.223247
2015-12-11,0.222822
2015-12-12,0.219975
2015-12-15,0.211921
2015-12-16,0.212874
2015-12-17,0.212148
2015-12-18,0.212682
2015-12-19,0.208848
2015-12-22,0.204610
2015-12-23,0.213596
2015-12-24,0.214839
2015-12-25,0.213522
2015-12-26,0.214169
2015-12-29,0.212444
2015-12-30,0.213745
2015-12-31,0.215165
2016-01-01,0.213821
2016-01-12,0.212064
2016-01-13,0.208617
2016-01-14,0.210573
2016-01-15,0.210315
2016-01-16,0.213779
2016-01-19,0.208834
2016-01-20,0.211793
2016-01-21,0.211362
2016-01-22,0.217205
2016-01-23,0.209958
2016-01-26,0.207712
2016-01-27,0.215251
2016-01-28,0.209730
2016-01-29,0.208650
2016-01-30,0.206961
2016-02-02,0.211636
2016-02-03,0.211414
2016-02-04,0.212771
2016-02-05,0.209873
2016-02-06,0.211835
2016-02-09,0.213152
2016-02-10,0.218405
2016-02-11,0.219733
2016-02-12,0.219457
2016-02-13,0.215697
2016-02-16,0.215993
2016-02-17,0.213512
2016-02-18,0.217038
2016-02-19,0.215577
2016-02-20,0.215908
2016-02-21,0.218197
2016-02-25,0.218972
2016-02-26,0.218496
2016-02-27,0.214734
2016-03-01,0.217010
2016-03-02,0.212932
2016-03-03,0.212619
2016-03-04,0.213624
2016-03-05,0.212021
2016-03-10,0.209823
2016-03-11,0.206677
2016-03-12,0.204380
2016-03-15,0.204281
2016-03-16,0.205389
2016-03-17,0.204290
2016-03-18,0.197721
2016-03-19,0.197867
2016-03-22,0.199157
2016-03-23,0.196169
2016-03-24,0.195777
2016-03-25,0.198614
2016-03-26,0.199448
2016-03-29,0.199004
2016-03-30,0.199770
2016-03-31,0.197297
2016-04-01,0.197414
2016-04-02,0.195838
2016-04-05,0.199556
2016-04-06,0.199346
2016-04-07,0.198884
2016-04-08,0.198295
2016-04-09,0.198375
2016-04-12,0.199658
2016-04-13,0.197589
2016-04-14,0.197064
2016-04-15,0.198627
2016-04-16,0.197651
2016-04-19,0.200568
2016-04-20,0.195205
2016-04-21,0.195539
2016-04-22,0.195665
2016-04-23,0.197712
2016-04-26,0.199490
2016-04-27,0.199418
2016-04-28,0.196926
2016-04-29,0.196717
2016-04-30,0.196618
2016-05-05,0.199259
2016-05-06,0.196657
2016-05-07,0.197768
2016-05-11,0.198586
2016-05-12,0.198820
2016-05-13,0.197101
2016-05-14,0.197375
2016-05-17,0.198057
2016-05-18,0.196542
2016-05-19,0.197113
2016-05-20,0.197745
2016-05-21,0.197882
2016-05-24,0.199185
2016-05-25,0.199237
2016-05-26,0.196087
2016-05-27,0.195682
2016-05-28,0.196853
2016-05-31,0.196367
2016-06-01,0.196540
2016-06-02,0.197661
2016-06-03,0.197582
2016-06-04,0.197980
2016-06-07,0.196331
2016-06-08,0.195412
2016-06-09,0.195100
2016-06-10,0.192755
2016-06-11,0.193227
2016-06-15,0.194956
2016-06-16,0.194959
2016-06-17,0.194734
2016-06-18,0.193252
2016-06-21,0.191498
2016-06-22,0.191251
2016-06-23,0.189088
2016-06-24,0.191233
2016-06-25,0.193700
2016-06-28,0.192087
2016-06-29,0.190956
2016-06-30,0.189550
2016-07-01,0.189448
2016-07-02,0.189331
2016-07-05,0.188641
2016-07-06,0.190637
2016-07-07,0.191691
2016-07-08,0.189752
2016-07-09,0.189917
2016-07-12,0.190274
2016-07-13,0.188671
2016-07-14,0.188513
2016-07-15,0.187599
2016-07-16,0.186275
2016-07-19,0.186006
2016-07-20,0.185973
2016-07-21,0.186898
2016-07-22,0.186206
2016-07-23,0.189065
2016-07-26,0.188579
2016-07-27,0.186501
2016-07-28,0.187349
2016-07-29,0.187102
2016-07-30,0.190273
2016-08-02,0.187269
2016-08-03,0.188934
2016-08-04,0.188428
2016-08-05,0.188606
2016-08-06,0.187783
2016-08-09,0.187025
2016-08-10,0.187026
2016-08-11,0.187026
2016-08-12,0.186962
2016-08-13,0.186764
2016-08-16,0.186976
2016-08-17,0.186073
2016-08-18,0.187219
2016-08-19,0.187197
2016-08-20,0.188708
2016-08-23,0.189267
2016-08-24,0.190518
2016-08-25,0.190995
2016-08-26,0.191310
2016-08-27,0.191055
2016-08-30,0.191923
2016-08-31,0.191399
2016-09-01,0.191699
2016-09-02,0.191284
2016-09-03,0.192530
2016-09-06,0.190193
2016-09-07,0.190861
2016-09-08,0.190958
2016-09-09,0.189656
2016-09-10,0.190027
2016-09-13,0.192555
2016-09-14,0.192047
2016-09-15,0.191841
2016-09-16,0.192004
2016-09-17,0.191330
2016-09-20,0.191243
2016-09-21,0.190689
2016-09-22,0.190180
2016-09-23,0.188804
2016-09-24,0.189199
2016-09-27,0.189668
2016-09-28,0.189025
2016-09-29,0.189582
2016-09-30,0.188585
2016-10-01,0.188946
2016-10-04,0.186793
2016-10-05,0.186982
2016-10-06,0.187887
2016-10-07,0.187450
2016-10-08,0.188037
2016-10-11,0.187719
2016-10-12,0.188269
2016-10-13,0.189128
2016-10-14,0.190984
2016-10-15,0.190356
2016-10-18,0.190079
2016-10-19,0.189328
2016-10-20,0.188572
2016-10-21,0.188604
2016-10-22,0.188414
2016-10-25,0.188691
2016-10-26,0.187933
2016-10-27,0.187911
2016-10-28,0.189309
2016-10-29,0.188416
2016-11-01,0.188664
2016-11-02,0.188030
2016-11-03,0.187640
2016-11-04,0.187633
2016-11-08,0.187883
2016-11-09,0.187471
2016-11-10,0.187262
2016-11-11,0.188109
2016-11-12,0.190882
2016-11-15,0.191473
2016-11-16,0.190478
2016-11-17,0.189197
2016-11-18,0.189917
2016-11-19,0.190916
2016-11-22,0.189905
2016-11-23,0.189209
2016-11-24,0.191131
2016-11-25,0.192291
2016-11-26,0.191094
2016-11-29,0.190594
2016-11-30,0.190709
2016-12-01,0.190920
2016-12-02,0.187464
2016-12-03,0.190280
2016-12-06,0.191018
2016-12-07,0.190356
2016-12-08,0.190023
2016-12-09,0.189063
2016-12-10,0.189255
2016-12-13,0.186390
2016-12-14,0.184318
2016-12-15,0.183027
2016-12-16,0.183993
2016-12-17,0.184253
2016-12-20,0.184377
2016-12-21,0.184443
2016-12-22,0.183492
2016-12-23,0.183270
2016-12-24,0.184182
2016-12-27,0.182991
2016-12-28,0.182367
2016-12-29,0.181700
2016-12-30,0.180753
2016-12-31,0.181637
2017-01-10,0.180764
2017-01-11,0.180021
2017-01-12,0.180051
2017-01-13,0.179083
2017-01-14,0.178718
2017-01-17,0.178680
2017-01-18,0.178713
2017-01-19,0.178990
2017-01-20,0.179284
2017-01-21,0.179620
2017-01-24,0.179695
2017-01-25,0.180070
2017-01-26,0.180332
2017-01-27,0.181572
2017-01-28,0.183434
2017-01-31,0.184150
2017-02-01,0.185743
2017-02-02,0.185838
2017-02-03,0.184532
2017-02-04,0.183350
2017-02-07,0.182401
2017-02-08,0.182992
2017-02-09,0.183286
2017-02-10,0.181986
2017-02-11,0.182083
2017-02-14,0.180412
2017-02-15,0.179077
2017-02-16,0.177618
2017-02-17,0.179108
2017-02-18,0.181032
2017-02-21,0.181964
2017-02-22,0.182546
2017-02-23,0.183680
2017-02-28,0.185236
2017-03-01,0.185377
2017-03-02,0.185925
2017-03-03,0.185168
2017-03-04,0.185520
2017-03-07,0.184421
2017-03-08,0.185044
2017-03-10,0.185493
2017-03-11,0.186485
2017-03-14,0.186136
2017-03-15,0.185224
2017-03-16,0.185394
2017-03-17,0.183517
2017-03-18,0.183773
2017-03-21,0.181493
2017-03-22,0.181327
2017-03-23,0.182606
2017-03-24,0.182248
2017-03-25,0.181334
2017-03-28,0.180154
2017-03-29,0.180771
2017-03-30,0.180957
2017-03-31,0.179100
2017-04-01,0.178432
2017-04-04,0.178968
2017-04-05,0.180905
2017-04-06,0.179168
2017-04-07,0.180526
2017-04-08,0.181572
2017-04-11,0.183808
2017-04-12,0.182930
2017-04-13,0.181979
2017-04-14,0.181597
2017-04-15,0.181128
2017-04-18,0.180977
2017-04-19,0.180064
2017-04-20,0.180370
2017-04-21,0.180559
2017-04-22,0.179654
2017-04-25,0.179773
2017-04-26,0.178897
2017-04-27,0.180159
2017-04-28,0.181412
2017-04-29,0.181226
2017-05-03,0.180573
2017-05-04,0.180911
2017-05-05,0.182228
2017-05-06,0.184053
2017-05-11,0.182448
2017-05-12,0.180959
2017-05-13,0.181028
2017-05-16,0.180591
2017-05-17,0.180316
2017-05-18,0.180992
2017-05-19,0.183227
2017-05-20,0.183080
2017-05-23,0.181902
2017-05-24,0.181246
2017-05-25,0.180871
2017-05-26,0.180507
2017-05-27,0.182275
2017-05-30,0.182566
2017-05-31,0.181580
2017-06-01,0.181531
2017-06-02,0.181047
2017-06-03,0.180594
2017-06-06,0.181027
2017-06-07,0.181069
2017-06-08,0.180916
2017-06-09,0.181321
2017-06-10,0.180626
2017-06-14,0.180105
2017-06-15,0.180145
2017-06-16,0.180746
2017-06-17,0.180279
2017-06-20,0.181007
2017-06-21,0.181774
2017-06-22,0.183523
2017-06-23,0.183471
2017-06-24,0.182947
2017-06-27,0.181887
2017-06-28,0.182604
2017-06-29,0.184142
2017-06-30,0.183752
2017-07-01,0.183719
2017-07-04,0.184173
2017-07-05,0.183637
2017-07-06,0.183667
2017-07-07,0.185599
2017-07-08,0.186020
2017-07-11,0.184611
2017-07-12,0.185417
2017-07-13,0.184488
2017-07-14,0.183523
2017-07-15,0.182543
2017-07-18,0.181191
2017-07-19,0.182099
2017-07-20,0.181620
2017-07-21,0.181365
2017-07-22,0.181244
2017-07-25,0.182335
2017-07-26,0.182884
2017-07-27,0.183265
2017-07-28,0.182248
2017-07-29,0.182127
2017-08-01,0.182184
2017-08-02,0.181212
2017-08-03,0.180092
2017-08-04,0.180751
2017-08-05,0.181397
2017-08-08,0.180968
2017-08-09,0.180479
2017-08-10,0.180180
2017-08-11,0.180324
2017-08-12,0.180526
2017-08-15,0.179784
2017-08-16,0.179914
2017-08-17,0.179224
2017-08-18,0.178067
2017-08-19,0.178294
2017-08-22,0.177662
2017-08-23,0.177328
2017-08-24,0.177337
2017-08-25,0.178295
2017-08-26,0.177813
2017-08-29,0.175306
2017-08-30,0.174600
2017-08-31,0.175135
2017-09-01,0.173291
2017-09-02,0.171755
2017-09-05,0.170722
2017-09-06,0.169843
2017-09-07,0.167981
2017-09-08,0.170451
2017-09-09,0.170142
2017-09-12,0.169630
2017-09-13,0.168565
2017-09-14,0.170517
2017-09-15,0.170730
2017-09-16,0.169571
2017-09-19,0.169416
2017-09-20,0.170367
2017-09-21,0.170115
2017-09-22,0.170971
2017-09-23,0.169345
2017-09-26,0.168605
2017-09-27,0.169200
2017-09-28,0.170673
2017-09-29,0.171499
2017-09-30,0.170075
2017-10-03,0.169382
2017-10-04,0.169262
2017-10-05,0.167996
2017-10-06,0.166873
2017-10-07,0.168167
2017-10-10,0.170797
2017-10-11,0.172168
2017-10-12,0.172690
2017-10-13,0.172558
2017-10-14,0.172398
2017-10-17,0.171365
2017-10-18,0.171883
2017-10-19,0.171651
2017-10-20,0.172241
2017-10-21,0.171459
2017-10-24,0.170977
2017-10-25,0.172078
2017-10-26,0.172714
2017-10-27,0.172986
2017-10-28,0.173593
2017-10-31,0.173656
2017-11-01,0.173639
2017-11-02,0.173506
2017-11-03,0.173433
2017-11-04,0.174860
2017-11-08,0.175466
2017-11-09,0.177762
2017-11-10,0.177976
2017-11-11,0.178310
2017-11-14,0.177965
2017-11-15,0.179213
2017-11-16,0.181039
2017-11-17,0.180543
2017-11-18,0.179505
2017-11-21,0.179259
2017-11-22,0.179979
2017-11-23,0.178698
2017-11-24,0.177139
2017-11-25,0.177114
2017-11-28,0.176038
2017-11-29,0.176180
2017-11-30,0.176120
2017-12-01,0.176847
2017-12-02,0.176645
2017-12-05,0.177129
2017-12-06,0.176201
2017-12-07,0.176669
2017-12-08,0.177102
2017-12-09,0.177250
2017-12-12,0.176725
2017-12-13,0.175656
2017-12-14,0.176298
2017-12-15,0.175264
2017-12-16,0.175647
2017-12-19,0.174869
2017-12-20,0.174624
2017-12-21,0.174943
2017-12-22,0.175473
2017-12-23,0.175389
2017-12-26,0.174601
2017-12-27,0.173768
2017-12-28,0.173254
2017-12-29,0.173621
2017-12-30,0.173184
2018-01-10,0.172671
2018-01-11,0.172187
2018-01-12,0.172479
2018-01-13,0.171737
2018-01-16,0.170983
2018-01-17,0.172098
2018-01-18,0.173233
2018-01-19,0.174750
2018-01-20,0.174362
2018-01-23,0.174705
2018-01-24,0.174654
2018-01-25,0.175877
2018-01-26,0.174799
2018-01-27,0.174193
2018-01-30,0.174626
2018-01-31,0.174425
2018-02-01,0.174160
2018-02-02,0.174337
2018-02-03,0.174161
2018-02-06,0.175767
2018-02-07,0.176440
2018-02-08,0.175809
2018-02-09,0.177019
2018-02-10,0.177651
2018-02-13,0.177680
2018-02-14,0.178799
2018-02-15,0.178510
2018-02-16,0.176789
2018-02-17,0.176320
2018-02-20,0.176444
2018-02-21,0.176880
2018-02-22,0.177292
2018-02-23,0.177488
2018-02-27,0.175256
2018-02-28,0.174550
2018-03-01,0.175963
2018-03-02,0.175474
2018-03-03,0.175842
2018-03-07,0.176951
2018-03-08,0.177515
2018-03-13,0.176464
2018-03-14,0.177059
2018-03-15,0.176843
2018-03-16,0.177107
2018-03-17,0.178180
2018-03-20,0.179685
2018-03-21,0.179901
2018-03-22,0.179197
2018-03-23,0.177152
2018-03-24,0.177987
2018-03-27,0.178447
2018-03-28,0.179358
2018-03-29,0.180297
2018-03-30,0.181102
2018-03-31,0.179829
2018-04-03,0.179372
2018-04-04,0.179589
2018-04-05,0.180512
2018-04-06,0.180147
2018-04-07,0.180963
2018-04-10,0.182722
2018-04-11,0.190646
2018-04-12,0.193458
2018-04-13,0.188527
2018-04-14,0.187949
2018-04-17,0.188840
2018-04-18,0.186277
2018-04-19,0.187865
2018-04-20,0.186957
2018-04-21,0.188004
2018-04-24,0.188773
2018-04-25,0.189259
2018-04-26,0.189128
2018-04-27,0.190629
2018-04-28,0.191404
2018-04-29,0.189546
2018-05-04,0.192382
2018-05-05,0.192130
2018-05-08,0.190278
2018-05-09,0.191164
2018-05-11,0.191228
2018-05-12,0.189056
2018-05-15,0.188333
2018-05-16,0.188715
2018-05-17,0.189260
2018-05-18,0.188564
2018-05-19,0.188404
2018-05-22,0.189939
2018-05-23,0.187145
2018-05-24,0.188613
2018-05-25,0.188403
2018-05-26,0.188121
2018-05-29,0.188726
2018-05-30,0.189793
2018-05-31,0.189531
2018-06-01,0.188281
2018-06-02,0.188060
2018-06-05,0.187349
2018-06-06,0.187057
2018-06-07,0.186879
2018-06-08,0.185431
2018-06-09,0.187539
2018-06-10,0.186413
2018-06-14,0.187816
2018-06-15,0.185354
2018-06-16,0.186286
2018-06-19,0.187047
2018-06-20,0.188173
2018-06-21,0.186365
2018-06-22,0.186917
2018-06-23,0.185742
2018-06-26,0.185659
2018-06-27,0.185248
2018-06-28,0.185310
2018-06-29,0.185194
2018-06-30,0.183843
2018-07-03,0.184667
2018-07-04,0.184469
2018-07-05,0.184248
2018-07-06,0.184167
2018-07-07,0.183602
2018-07-10,0.182925
2018-07-11,0.181971
2018-07-12,0.180822
2018-07-13,0.180533
2018-07-14,0.181141
2018-07-17,0.181797
2018-07-18,0.181934
2018-07-19,0.182284
2018-07-20,0.183049
2018-07-21,0.183126
2018-07-24,0.182861
2018-07-25,0.182435
2018-07-26,0.182180
2018-07-27,0.181865
2018-07-28,0.181681
2018-07-31,0.180997
2018-08-01,0.179576
2018-08-02,0.179504
2018-08-03,0.180486
2018-08-04,0.181398
2018-08-07,0.182040
2018-08-08,0.182013
2018-08-09,0.182346
2018-08-10,0.186214
2018-08-11,0.187277
2018-08-14,0.187674
2018-08-15,0.184239
2018-08-16,0.183835
2018-08-17,0.185392
2018-08-18,0.185647
2018-08-21,0.186029
2018-08-22,0.185971
2018-08-23,0.186384
2018-08-24,0.189178
2018-08-25,0.187980
2018-08-28,0.186394
2018-08-29,0.186405
2018-08-30,0.187428
2018-08-31,0.187229
2018-09-01,0.187126
2018-09-04,0.185230
2018-09-05,0.185536
2018-09-06,0.184596
2018-09-07,0.183061
2018-09-08,0.183694
2018-09-11,0.184481
2018-09-12,0.184080
2018-09-13,0.184240
2018-09-14,0.183066
2018-09-15,0.182632
2018-09-18,0.183381
2018-09-19,0.183844
2018-09-20,0.185710
2018-09-21,0.185742
2018-09-22,0.187400
2018-09-25,0.185359
2018-09-26,0.184137
2018-09-27,0.182597
2018-09-28,0.182027
2018-09-29,0.180626
2018-10-02,0.180160
2018-10-03,0.180182
2018-10-04,0.179772
2018-10-05,0.180079
2018-10-06,0.178395
2018-10-09,0.179213
2018-10-10,0.178273
2018-10-11,0.179368
2018-10-12,0.179917
2018-10-13,0.177984
2018-10-16,0.178003
2018-10-17,0.178957
2018-10-18,0.180182
2018-10-19,0.180297
2018-10-20,0.179437
2018-10-23,0.178981
2018-10-24,0.180350
2018-10-25,0.178838
2018-10-26,0.178745
2018-10-27,0.178050
2018-10-30,0.178640
2018-10-31,0.178332
2018-11-01,0.177753
2018-11-02,0.177207
2018-11-03,0.176870
2018-11-07,0.178316
2018-11-08,0.177963
2018-11-09,0.178392
2018-11-10,0.179544
2018-11-13,0.180458
2018-11-14,0.180782
2018-11-15,0.180926
2018-11-16,0.180933
2018-11-17,0.179388
2018-11-20,0.179673
2018-11-21,0.179283
2018-11-22,0.179169
2018-11-23,0.178629
2018-11-24,0.179647
2018-11-27,0.179033
2018-11-28,0.179357
2018-11-29,0.179531
2018-11-30,0.179811
2018-12-01,0.178169
2018-12-04,0.177546
2018-12-05,0.178967
2018-12-06,0.180032
2018-12-07,0.180017
2018-12-08,0.180516
2018-12-11,0.179162
2018-12-12,0.179358
2018-12-13,0.179433
2018-12-14,0.179029
2018-12-15,0.178883
2018-12-18,0.179581
2018-12-19,0.179916
2018-12-20,0.180201
2018-12-21,0.181750
2018-12-22,0.183371
2018-12-25,0.184247
2018-12-26,0.184907
2018-12-27,0.183854
2018-12-28,0.182657
2018-12-29,0.182242
2018-12-30,0.180570
2019-01-10,0.178579
2019-01-11,0.178209
2019-01-12,0.177885
2019-01-15,0.177391
2019-01-16,0.177522
2019-01-17,0.176768
2019-01-18,0.176019
2019-01-19,0.174794
2019-01-22,0.175203
2019-01-23,0.175626
2019-01-24,0.175166
2019-01-25,0.174802
2019-01-26,0.173979
2019-01-29,0.173715
2019-01-30,0.174224
2019-01-31,0.173405
2019-02-01,0.171867
2019-02-02,0.171804
2019-02-05,0.171835
2019-02-06,0.173243
2019-02-07,0.174058
2019-02-08,0.174434
2019-02-09,0.174917
2019-02-12,0.174917
2019-02-13,0.175623
2019-02-14,0.175339
2019-02-15,0.176329
2019-02-16,0.176523
2019-02-19,0.175801
2019-02-20,0.175472
2019-02-21,0.175067
2019-02-22,0.174235
2019-02-23,0.173858
2019-02-26,0.173568
2019-02-27,0.173465
2019-02-28,0.174616
2019-03-01,0.175738
2019-03-02,0.174398
2019-03-05,0.174510
2019-03-06,0.174292
2019-03-07,0.174174
2019-03-08,0.173829
2019-03-12,0.174353
2019-03-13,0.173997
2019-03-14,0.173548
2019-03-15,0.173329
2019-03-16,0.172485
2019-03-19,0.171865
2019-03-20,0.170905
2019-03-21,0.169744
2019-03-22,0.168460
2019-03-23,0.168536
2019-03-26,0.170462
2019-03-27,0.169587
2019-03-28,0.170528
2019-03-29,0.169823
2019-03-30,0.170498
2019-04-02,0.172183
2019-04-03,0.172396
2019-04-04,0.171846
2019-04-05,0.172721
2019-04-06,0.172088
2019-04-09,0.171666
2019-04-10,0.170442
2019-04-11,0.170797
2019-04-12,0.170287
2019-04-13,0.169903
2019-04-16,0.169213
2019-04-17,0.169067
2019-04-18,0.168596
2019-04-19,0.168878
2019-04-20,0.168680
2019-04-23,0.169014
2019-04-24,0.168924
2019-04-25,0.168799
2019-04-26,0.170151
2019-04-27,0.169752
2019-04-30,0.169361
2019-05-01,0.169558
2019-05-07,0.171722
2019-05-08,0.171217
2019-05-09,0.171465
2019-05-14,0.172438
2019-05-15,0.171899
2019-05-16,0.170666
2019-05-17,0.170408
2019-05-18,0.170321
2019-05-21,0.170214
2019-05-22,0.170296
2019-05-23,0.169884
2019-05-24,0.170601
2019-05-25,0.170330
2019-05-28,0.169630
2019-05-29,0.169564
2019-05-30,0.169975
2019-05-31,0.170544
2019-06-01,0.170928
2019-06-04,0.170682
2019-06-05,0.169614
2019-06-06,0.169387
2019-06-07,0.169562
2019-06-08,0.169564
2019-06-11,0.169004
2019-06-12,0.167955
2019-06-14,0.168171
2019-06-15,0.167741
2019-06-18,0.167660
2019-06-19,0.167529
2019-06-20,0.167477
2019-06-21,0.166777
2019-06-22,0.166736
2019-06-25,0.166372
2019-06-26,0.165097
2019-06-27,0.165691
2019-06-28,0.165680
2019-06-29,0.165759
2019-07-02,0.165485
2019-07-03,0.165417
2019-07-04,0.165191
2019-07-05,0.165485
2019-07-06,0.165487
2019-07-09,0.166230
2019-07-10,0.165680
2019-07-11,0.165959
2019-07-12,0.164339
2019-07-13,0.164278
2019-07-16,0.164018
2019-07-17,0.164034
2019-07-18,0.163858
2019-07-19,0.163427
2019-07-20,0.163309
2019-07-23,0.163819
2019-07-24,0.164144
2019-07-25,0.164128
2019-07-26,0.164094
2019-07-27,0.163913
2019-07-30,0.164808
2019-07-31,0.164747
2019-08-01,0.164966
2019-08-02,0.165706
2019-08-03,0.167435
2019-08-06,0.168245
2019-08-07,0.168390
2019-08-08,0.167950
2019-08-09,0.167915
2019-08-10,0.168353
2019-08-13,0.168816
2019-08-14,0.169218
2019-08-15,0.168726
2019-08-16,0.170183
2019-08-17,0.170566
2019-08-20,0.171970
2019-08-21,0.172602
2019-08-22,0.171544
2019-08-23,0.169988
2019-08-24,0.169738
2019-08-27,0.170331
2019-08-28,0.170808
2019-08-29,0.171255
2019-08-30,0.172306
2019-08-31,0.171686
2019-09-03,0.171588
2019-09-04,0.172173
2019-09-05,0.171249
2019-09-06,0.170272
2019-09-07,0.170043
2019-09-10,0.169530
2019-09-11,0.169477
2019-09-12,0.169261
2019-09-13,0.168398
2019-09-14,0.166693
2019-09-17,0.165559
2019-09-18,0.166344
2019-09-19,0.166528
2019-09-20,0.165739
2019-09-21,0.165165
2019-09-24,0.165479
2019-09-25,0.164732
2019-09-26,0.165506
2019-09-27,0.165853
2019-09-28,0.166095
2019-10-01,0.166503
2019-10-02,0.167386
2019-10-03,0.168224
2019-10-04,0.167336
2019-10-05,0.167183
2019-10-08,0.166573
2019-10-09,0.166508
2019-10-10,0.166784
2019-10-11,0.165864
2019-10-12,0.164835
2019-10-15,0.165185
2019-10-16,0.164978
2019-10-17,0.165020
2019-10-18,0.164022
2019-10-19,0.163922
2019-10-22,0.163520
2019-10-23,0.163203
2019-10-24,0.163936
2019-10-25,0.164129
2019-10-26,0.164476
2019-10-29,0.164645
2019-10-30,0.164513
2019-10-31,0.164345
2019-11-01,0.164083
2019-11-02,0.164392
2019-11-06,0.162853
2019-11-07,0.163476
2019-11-08,0.163893
2019-11-09,0.163987
2019-11-12,0.164330
2019-11-13,0.164157
2019-11-14,0.164882
2019-11-15,0.165309
2019-11-16,0.164543
2019-11-19,0.164516
2019-11-20,0.164671
2019-11-21,0.165184
2019-11-22,0.165257
2019-11-23,0.165127
2019-11-26,0.165116
2019-11-27,0.165524
2019-11-28,0.165562
2019-11-29,0.165838
2019-11-30,0.165875
2019-12-03,0.166616
2019-12-04,0.165619
2019-12-05,0.165653
2019-12-06,0.165416
2019-12-07,0.165513
2019-12-10,0.165185
2019-12-11,0.164573
2019-12-12,0.164538
2019-12-13,0.164361
2019-12-14,0.162637
2019-12-17,0.163152
2019-12-18,0.162538
2019-12-19,0.162712
2019-12-20,0.162718
2019-12-21,0.162783
2019-12-24,0.162734
2019-12-25,0.163201
2019-12-26,0.163023
2019-12-27,0.163115
2019-12-28,0.162973
2019-12-31,0.162174
2020-01-01,0.161665
2020-01-10,0.162524
2020-01-11,0.162192
2020-01-14,0.161098
2020-01-15,0.161775
2020-01-16,0.162060
2020-01-17,0.163176
2020-01-18,0.163535
2020-01-21,0.163420
2020-01-22,0.163998
2020-01-23,0.163921
2020-01-24,0.163904
2020-01-25,0.163252
2020-01-28,0.163821
2020-01-29,0.164940
2020-01-30,0.164837
2020-01-31,0.166092
2020-02-01,0.166537
2020-02-04,0.167751
2020-02-05,0.167207
2020-02-06,0.166588
2020-02-07,0.166431
2020-02-08,0.167572
2020-02-11,0.168361
2020-02-12,0.169032
2020-02-13,0.167549
2020-02-14,0.168785
2020-02-15,0.167833
2020-02-18,0.167940
2020-02-19,0.169052
2020-02-20,0.168766
2020-02-21,0.169426
2020-02-22,0.170777
2020-02-26,0.172127
2020-02-27,0.173201
2020-02-28,0.172668
2020-02-29,0.175541
2020-03-03,0.174076
2020-03-04,0.174679
2020-03-05,0.173971
2020-03-06,0.173795
2020-03-07,0.176482
2020-03-11,0.181834
2020-03-12,0.180448
2020-03-13,0.185031
2020-03-14,0.180054
2020-03-17,0.170176
2020-03-18,0.169439
2020-03-19,0.175053
2020-03-20,0.175348
2020-03-21,0.174352
2020-03-24,0.180489
2020-03-25,0.175954
2020-03-26,0.173596
2020-03-27,0.176456
2020-03-28,0.174278
2020-04-07,0.173999
2020-04-08,0.172656
2020-04-09,0.173788
2020-04-10,0.172467
2020-04-11,0.171386
2020-04-14,0.171816
2020-04-15,0.172131
2020-04-16,0.172887
2020-04-17,0.174510
2020-04-18,0.173283
2020-04-21,0.174402
2020-04-22,0.176468
2020-04-23,0.176045
2020-04-24,0.173859
2020-04-25,0.172705
2020-04-28,0.172794
2020-04-29,0.172853
2020-04-30,0.171546
2020-05-01,0.171298
2020-05-07,0.175722
2020-05-08,0.175649
2020-05-09,0.175070
2020-05-13,0.174648
2020-05-14,0.174485
2020-05-15,0.174750
2020-05-16,0.174108
2020-05-19,0.174819
2020-05-20,0.174329
2020-05-21,0.174116
2020-05-22,0.171748
2020-05-23,0.172702
2020-05-26,0.172748
2020-05-27,0.172106
2020-05-28,0.172231
2020-05-29,0.172177
2020-05-30,0.171643
2020-06-02,0.170579
2020-06-03,0.171470
2020-06-04,0.171193
2020-06-05,0.172213
2020-06-06,0.171363
2020-06-09,0.171831
2020-06-10,0.171665
2020-06-11,0.171565
2020-06-12,0.172695
2020-06-16,0.173406
2020-06-17,0.172546
2020-06-18,0.171750
2020-06-19,0.171640
2020-06-20,0.172250
2020-06-23,0.172435
2020-06-24,0.171556
2020-06-25,0.171257
2020-06-26,0.171710
2020-06-27,0.171681
2020-06-30,0.172845
2020-07-01,0.174099
2020-07-02,0.173349
2020-07-03,0.173372
2020-07-04,0.173344
2020-07-07,0.175261
2020-07-08,0.176048
2020-07-09,0.173516
2020-07-10,0.172288
2020-07-11,0.172279
2020-07-14,0.171737
2020-07-15,0.172136
2020-07-16,0.171488
2020-07-17,0.172491
2020-07-18,0.173074
2020-07-21,0.173233
2020-07-22,0.171768
2020-07-23,0.171553
2020-07-24,0.171707
2020-07-25,0.172761
2020-07-28,0.172606
2020-07-29,0.173267
2020-07-30,0.173026
2020-07-31,0.174620
2020-08-01,0.174086
2020-08-04,0.175969
2020-08-05,0.174807
2020-08-06,0.174965
2020-08-07,0.174536
2020-08-08,0.175461
2020-08-11,0.175705
2020-08-12,0.174784
2020-08-13,0.174461
2020-08-14,0.175513
2020-08-15,0.174414
2020-08-18,0.174447
2020-08-19,0.175411
2020-08-20,0.174992
2020-08-21,0.175968
2020-08-22,0.176563
2020-08-25,0.177174
2020-08-26,0.177779
2020-08-27,0.179878
2020-08-28,0.179179
2020-08-29,0.177566
2020-09-01,0.175623
2020-09-02,0.175813
2020-09-03,0.176320
2020-09-04,0.179284
2020-09-05,0.178606
2020-09-08,0.178538
2020-09-09,0.178997
2020-09-10,0.177762
2020-09-11,0.176842
2020-09-12,0.175287
2020-09-15,0.175062
2020-09-16,0.176048
2020-09-17,0.176263
2020-09-18,0.177370
2020-09-19,0.178291
2020-09-22,0.180147
2020-09-23,0.179846
2020-09-24,0.179472
2020-09-25,0.180664
2020-09-26,0.179973
2020-09-29,0.182769
2020-09-30,0.184609
2020-10-01,0.181995
2020-10-02,0.179803
2020-10-03,0.180435
2020-10-06,0.180875
2020-10-07,0.182463
2020-10-08,0.182058
2020-10-09,0.181817
2020-10-10,0.180209
2020-10-13,0.179946
2020-10-14,0.180052
2020-10-15,0.179988
2020-10-16,0.181824
2020-10-17,0.181697
2020-10-20,0.181879
2020-10-21,0.181347
2020-10-22,0.180007
2020-10-23,0.179869
2020-10-24,0.178832
2020-10-27,0.177844
2020-10-28,0.177870
2020-10-29,0.179960
2020-10-30,0.182276
2020-10-31,0.183154
2020-11-03,0.184892
2020-11-04,0.184591
2020-11-06,0.181340
2020-11-07,0.178491
2020-11-10,0.178587
2020-11-11,0.178067
2020-11-12,0.178351
2020-11-13,0.179612
2020-11-14,0.179749
2020-11-17,0.179116
2020-11-18,0.177874
2020-11-19,0.177507
2020-11-20,0.178022
2020-11-21,0.177499
2020-11-24,0.178242
2020-11-25,0.178560
2020-11-26,0.178427
2020-11-27,0.178314
2020-11-28,0.178898
2020-12-01,0.179066
2020-12-02,0.179286
2020-12-03,0.177755
2020-12-04,0.177802
2020-12-05,0.176335
2020-12-08,0.175995
2020-12-09,0.174931
2020-12-10,0.174521
2020-12-11,0.175322
2020-12-12,0.174472
2020-12-15,0.174209
2020-12-16,0.174832
2020-12-17,0.174918
2020-12-18,0.173865
2020-12-19,0.174669
2020-12-22,0.177626
2020-12-23,0.179089
2020-12-24,0.179088
2020-12-25,0.178341
2020-12-26,0.175629
2020-12-29,0.175397
2020-12-30,0.175148
2020-12-31,0.175481
